id,parent_id,name,acronym,red,green,blue
997,,root,root,255,255,255
8,997,Basic cell groups and regions,grey,191,218,227
567,8,Cerebrum,CH,176,240,255
688,567,Cerebral cortex,CTX,176,255,184
695,688,Cortical plate,CTXpl,112,255,112
315,695,Isocortex,Isocortex,112,255,113
184,315,"Frontal pole, cerebral cortex",FRP,38,143,69
68,184,"Frontal pole, layer 1",FRP1,38,143,69
667,184,"Frontal pole, layer 2/3",FRP2/3,38,143,69
526157192,184,"Frontal pole, layer 5",FRP5,38,143,69
526157196,184,"Frontal pole, layer 6a",FRP6a,38,143,69
526322264,184,"Frontal pole, layer 6b",FRP6b,38,143,69
500,315,Somatomotor areas,MO,31,157,90
107,500,"Somatomotor areas, Layer 1",MO1,31,157,90
219,500,"Somatomotor areas, Layer 2/3",MO2/3,31,157,90
299,500,"Somatomotor areas, Layer 5",MO5,31,157,90
644,500,"Somatomotor areas, Layer 6a",MO6a,31,157,90
947,500,"Somatomotor areas, Layer 6b",MO6b,31,157,90
985,500,Primary motor area,MOp,31,157,90
320,985,"Primary motor area, Layer 1",MOp1,31,157,90
943,985,"Primary motor area, Layer 2/3",MOp2/3,31,157,90
648,985,"Primary motor area, Layer 5",MOp5,31,157,90
844,985,"Primary motor area, Layer 6a",MOp6a,31,157,90
882,985,"Primary motor area, Layer 6b",MOp6b,31,157,90
993,500,Secondary motor area,MOs,31,157,90
656,993,"Secondary motor area, layer 1",MOs1,31,157,90
962,993,"Secondary motor area, layer 2/3",MOs2/3,31,157,90
767,993,"Secondary motor area, layer 5",MOs5,31,157,90
1021,993,"Secondary motor area, layer 6a",MOs6a,31,157,90
1085,993,"Secondary motor area, layer 6b",MOs6b,31,157,90
453,315,Somatosensory areas,SS,24,128,100
12993,453,"Somatosensory areas, layer 1",SS1,24,128,100
12994,453,"Somatosensory areas, layer 2/3",SS2/3,24,128,100
12995,453,"Somatosensory areas, layer 4",SS4,24,128,100
12996,453,"Somatosensory areas, layer 5",SS5,24,128,100
12997,453,"Somatosensory areas, layer 6a",SS6a,24,128,100
12998,453,"Somatosensory areas, layer 6b",SS6b,24,128,100
322,453,Primary somatosensory area,SSp,24,128,100
793,322,"Primary somatosensory area, layer 1",SSp1,24,128,100
346,322,"Primary somatosensory area, layer 2/3",SSp2/3,24,128,100
865,322,"Primary somatosensory area, layer 4",SSp4,24,128,100
921,322,"Primary somatosensory area, layer 5",SSp5,24,128,100
686,322,"Primary somatosensory area, layer 6a",SSp6a,24,128,100
719,322,"Primary somatosensory area, layer 6b",SSp6b,24,128,100
353,322,"Primary somatosensory area, nose",SSp-n,24,128,100
558,353,"Primary somatosensory area, nose, layer 1",SSp-n1,24,128,100
838,353,"Primary somatosensory area, nose, layer 2/3",SSp-n2/3,24,128,100
654,353,"Primary somatosensory area, nose, layer 4",SSp-n4,24,128,100
702,353,"Primary somatosensory area, nose, layer 5",SSp-n5,24,128,100
889,353,"Primary somatosensory area, nose, layer 6a",SSp-n6a,24,128,100
929,353,"Primary somatosensory area, nose, layer 6b",SSp-n6b,24,128,100
329,322,"Primary somatosensory area, barrel field",SSp-bfd,24,128,100
981,329,"Primary somatosensory area, barrel field, layer 1",SSp-bfd1,24,128,100
201,329,"Primary somatosensory area, barrel field, layer 2/3",SSp-bfd2/3,24,128,100
1047,329,"Primary somatosensory area, barrel field, layer 4",SSp-bfd4,24,128,100
1070,329,"Primary somatosensory area, barrel field, layer 5",SSp-bfd5,24,128,100
1038,329,"Primary somatosensory area, barrel field, layer 6a",SSp-bfd6a,24,128,100
1062,329,"Primary somatosensory area, barrel field, layer 6b",SSp-bfd6b,24,128,100
480149202,329,Rostrolateral lateral visual area,VISrll,24,128,100
480149206,480149202,"Rostrolateral lateral visual area, layer 1",VISrll1,24,128,100
480149210,480149202,"Rostrolateral lateral visual area, layer 2/3",VISrll2/3,24,128,100
480149214,480149202,"Rostrolateral lateral visual area, layer 4",VISrll4,24,128,100
480149218,480149202,"Rostrolateral lateral visual area,layer 5",VISrll5,24,128,100
480149222,480149202,"Rostrolateral lateral visual area, layer 6a",VISrll6a,24,128,100
480149226,480149202,"Rostrolateral lateral visual area, layer 6b",VISrll6b,24,128,100
337,322,"Primary somatosensory area, lower limb",SSp-ll,24,128,100
1030,337,"Primary somatosensory area, lower limb, layer 1",SSp-ll1,24,128,100
113,337,"Primary somatosensory area, lower limb, layer 2/3",SSp-ll2/3,24,128,100
1094,337,"Primary somatosensory area, lower limb, layer 4",SSp-ll4,24,128,100
1128,337,"Primary somatosensory area, lower limb, layer 5",SSp-ll5,24,128,100
478,337,"Primary somatosensory area, lower limb, layer 6a",SSp-ll6a,24,128,100
510,337,"Primary somatosensory area, lower limb, layer 6b",SSp-ll6b,24,128,100
345,322,"Primary somatosensory area, mouth",SSp-m,24,128,100
878,345,"Primary somatosensory area, mouth, layer 1",SSp-m1,24,128,100
657,345,"Primary somatosensory area, mouth, layer 2/3",SSp-m2/3,24,128,100
950,345,"Primary somatosensory area, mouth, layer 4",SSp-m4,24,128,100
974,345,"Primary somatosensory area, mouth, layer 5",SSp-m5,24,128,100
1102,345,"Primary somatosensory area, mouth, layer 6a",SSp-m6a,24,128,100
2,345,"Primary somatosensory area, mouth, layer 6b",SSp-m6b,24,128,100
369,322,"Primary somatosensory area, upper limb",SSp-ul,24,128,100
450,369,"Primary somatosensory area, upper limb, layer 1",SSp-ul1,24,128,100
854,369,"Primary somatosensory area, upper limb, layer 2/3",SSp-ul2/3,24,128,100
577,369,"Primary somatosensory area, upper limb, layer 4",SSp-ul4,24,128,100
625,369,"Primary somatosensory area, upper limb, layer 5",SSp-ul5,24,128,100
945,369,"Primary somatosensory area, upper limb, layer 6a",SSp-ul6a,24,128,100
1026,369,"Primary somatosensory area, upper limb, layer 6b",SSp-ul6b,24,128,100
361,322,"Primary somatosensory area, trunk",SSp-tr,24,128,100
1006,361,"Primary somatosensory area, trunk, layer 1",SSp-tr1,24,128,100
670,361,"Primary somatosensory area, trunk, layer 2/3",SSp-tr2/3,24,128,100
1086,361,"Primary somatosensory area, trunk, layer 4",SSp-tr4,24,128,100
1111,361,"Primary somatosensory area, trunk, layer 5",SSp-tr5,24,128,100
9,361,"Primary somatosensory area, trunk, layer 6a",SSp-tr6a,24,128,100
461,361,"Primary somatosensory area, trunk, layer 6b",SSp-tr6b,24,128,100
182305689,322,"Primary somatosensory area, unassigned",SSp-un,24,128,100
182305693,182305689,"Primary somatosensory area, unassigned, layer 1",SSp-un1,24,128,100
182305697,182305689,"Primary somatosensory area, unassigned, layer 2/3",SSp-un2/3,24,128,100
182305701,182305689,"Primary somatosensory area, unassigned, layer 4",SSp-un4,24,128,100
182305705,182305689,"Primary somatosensory area, unassigned, layer 5",SSp-un5,24,128,100
182305709,182305689,"Primary somatosensory area, unassigned, layer 6a",SSp-un6a,24,128,100
182305713,182305689,"Primary somatosensory area, unassigned, layer 6b",SSp-un6b,24,128,100
378,453,Supplemental somatosensory area,SSs,24,128,100
873,378,"Supplemental somatosensory area, layer 1",SSs1,24,128,100
806,378,"Supplemental somatosensory area, layer 2/3",SSs2/3,24,128,100
1035,378,"Supplemental somatosensory area, layer 4",SSs4,24,128,100
1090,378,"Supplemental somatosensory area, layer 5",SSs5,24,128,100
862,378,"Supplemental somatosensory area, layer 6a",SSs6a,24,128,100
893,378,"Supplemental somatosensory area, layer 6b",SSs6b,24,128,100
1057,315,Gustatory areas,GU,0,156,117
36,1057,"Gustatory areas, layer 1",GU1,0,156,117
180,1057,"Gustatory areas, layer 2/3",GU2/3,0,156,117
148,1057,"Gustatory areas, layer 4",GU4,0,156,117
187,1057,"Gustatory areas, layer 5",GU5,0,156,117
638,1057,"Gustatory areas, layer 6a",GU6a,0,156,117
662,1057,"Gustatory areas, layer 6b",GU6b,0,156,117
677,315,Visceral area,VISC,17,173,131
897,677,"Visceral area, layer 1",VISC1,17,173,131
1106,677,"Visceral area, layer 2/3",VISC2/3,17,173,131
1010,677,"Visceral area, layer 4",VISC4,17,173,131
1058,677,"Visceral area, layer 5",VISC5,17,173,131
857,677,"Visceral area, layer 6a",VISC6a,17,173,131
849,677,"Visceral area, layer 6b",VISC6b,17,173,131
247,315,Auditory areas,AUD,1,147,153
1011,247,Dorsal auditory area,AUDd,1,147,153
527,1011,"Dorsal auditory area, layer 1",AUDd1,1,147,153
600,1011,"Dorsal auditory area, layer 2/3",AUDd2/3,1,147,153
678,1011,"Dorsal auditory area, layer 4",AUDd4,1,147,153
252,1011,"Dorsal auditory area, layer 5",AUDd5,1,147,153
156,1011,"Dorsal auditory area, layer 6a",AUDd6a,1,147,153
243,1011,"Dorsal auditory area, layer 6b",AUDd6b,1,147,153
480149230,1011,Laterolateral anterior visual area,VISlla,1,147,153
480149234,480149230,"Laterolateral anterior visual area, layer 1",VISlla1,1,147,153
480149238,480149230,"Laterolateral anterior visual area, layer 2/3",VISlla2/3,1,147,153
480149242,480149230,"Laterolateral anterior visual area, layer 4",VISlla4,1,147,153
480149246,480149230,"Laterolateral anterior visual area,layer 5",VISlla5,1,147,153
480149250,480149230,"Laterolateral anterior visual area, layer 6a",VISlla6a,1,147,153
480149254,480149230,"Laterolateral anterior visual area, layer 6b",VISlla6b,1,147,153
1002,247,Primary auditory area,AUDp,1,147,153
735,1002,"Primary auditory area, layer 1",AUDp1,1,147,153
251,1002,"Primary auditory area, layer 2/3",AUDp2/3,1,147,153
816,1002,"Primary auditory area, layer 4",AUDp4,1,147,153
847,1002,"Primary auditory area, layer 5",AUDp5,1,147,153
954,1002,"Primary auditory area, layer 6a",AUDp6a,1,147,153
1005,1002,"Primary auditory area, layer 6b",AUDp6b,1,147,153
1027,247,Posterior auditory area,AUDpo,1,147,153
696,1027,"Posterior auditory area, layer 1",AUDpo1,1,147,153
643,1027,"Posterior auditory area, layer 2/3",AUDpo2/3,1,147,153
759,1027,"Posterior auditory area, layer 4",AUDpo4,1,147,153
791,1027,"Posterior auditory area, layer 5",AUDpo5,1,147,153
249,1027,"Posterior auditory area, layer 6a",AUDpo6a,1,147,153
456,1027,"Posterior auditory area, layer 6b",AUDpo6b,1,147,153
1018,247,Ventral auditory area,AUDv,1,147,153
959,1018,"Ventral auditory area, layer 1",AUDv1,1,147,153
755,1018,"Ventral auditory area, layer 2/3",AUDv2/3,1,147,153
990,1018,"Ventral auditory area, layer 4",AUDv4,1,147,153
1023,1018,"Ventral auditory area, layer 5",AUDv5,1,147,153
520,1018,"Ventral auditory area, layer 6a",AUDv6a,1,147,153
598,1018,"Ventral auditory area, layer 6b",AUDv6b,1,147,153
669,315,Visual areas,VIS,8,133,140
801,669,"Visual areas, layer 1",VIS1,8,133,140
561,669,"Visual areas, layer 2/3",VIS2/3,8,133,140
913,669,"Visual areas, layer 4",VIS4,8,133,140
937,669,"Visual areas, layer 5",VIS5,8,133,140
457,669,"Visual areas, layer 6a",VIS6a,8,133,140
497,669,"Visual areas, layer 6b",VIS6b,8,133,140
402,669,Anterolateral visual area,VISal,8,133,140
1074,402,"Anterolateral visual area, layer 1",VISal1,8,133,140
905,402,"Anterolateral visual area, layer 2/3",VISal2/3,8,133,140
1114,402,"Anterolateral visual area, layer 4",VISal4,8,133,140
233,402,"Anterolateral visual area, layer 5",VISal5,8,133,140
601,402,"Anterolateral visual area, layer 6a",VISal6a,8,133,140
649,402,"Anterolateral visual area, layer 6b",VISal6b,8,133,140
394,669,Anteromedial visual area,VISam,8,133,140
281,394,"Anteromedial visual area, layer 1",VISam1,8,133,140
1066,394,"Anteromedial visual area, layer 2/3",VISam2/3,8,133,140
401,394,"Anteromedial visual area, layer 4",VISam4,8,133,140
433,394,"Anteromedial visual area, layer 5",VISam5,8,133,140
1046,394,"Anteromedial visual area, layer 6a",VISam6a,8,133,140
441,394,"Anteromedial visual area, layer 6b",VISam6b,8,133,140
409,669,Lateral visual area,VISl,8,133,140
421,409,"Lateral visual area, layer 1",VISl1,8,133,140
973,409,"Lateral visual area, layer 2/3",VISl2/3,8,133,140
573,409,"Lateral visual area, layer 4",VISl4,8,133,140
613,409,"Lateral visual area, layer 5",VISl5,8,133,140
74,409,"Lateral visual area, layer 6a",VISl6a,8,133,140
121,409,"Lateral visual area, layer 6b",VISl6b,8,133,140
385,669,Primary visual area,VISp,8,133,140
593,385,"Primary visual area, layer 1",VISp1,8,133,140
821,385,"Primary visual area, layer 2/3",VISp2/3,8,133,140
721,385,"Primary visual area, layer 4",VISp4,8,133,140
778,385,"Primary visual area, layer 5",VISp5,8,133,140
33,385,"Primary visual area, layer 6a",VISp6a,8,133,140
305,385,"Primary visual area, layer 6b",VISp6b,8,133,140
425,669,Posterolateral visual area,VISpl,8,133,140
750,425,"Posterolateral visual area, layer 1",VISpl1,8,133,140
269,425,"Posterolateral visual area, layer 2/3",VISpl2/3,8,133,140
869,425,"Posterolateral visual area, layer 4",VISpl4,8,133,140
902,425,"Posterolateral visual area, layer 5",VISpl5,8,133,140
377,425,"Posterolateral visual area, layer 6a",VISpl6a,8,133,140
393,425,"Posterolateral visual area, layer 6b",VISpl6b,8,133,140
533,669,posteromedial visual area,VISpm,8,133,140
805,533,"posteromedial visual area, layer 1",VISpm1,8,133,140
41,533,"posteromedial visual area, layer 2/3",VISpm2/3,8,133,140
501,533,"posteromedial visual area, layer 4",VISpm4,8,133,140
565,533,"posteromedial visual area, layer 5",VISpm5,8,133,140
257,533,"posteromedial visual area, layer 6a",VISpm6a,8,133,140
469,533,"posteromedial visual area, layer 6b",VISpm6b,8,133,140
312782574,669,Laterointermediate area,VISli,8,133,140
312782578,312782574,"Laterointermediate area, layer 1",VISli1,8,133,140
312782582,312782574,"Laterointermediate area, layer 2/3",VISli2/3,8,133,140
312782586,312782574,"Laterointermediate area, layer 4",VISli4,8,133,140
312782590,312782574,"Laterointermediate area, layer 5",VISli5,8,133,140
312782594,312782574,"Laterointermediate area, layer 6a",VISli6a,8,133,140
312782598,312782574,"Laterointermediate area, layer 6b",VISli6b,8,133,140
312782628,669,Postrhinal area,VISpor,8,133,140
312782632,312782628,"Postrhinal area, layer 1",VISpor1,8,133,140
312782636,312782628,"Postrhinal area, layer 2/3",VISpor2/3,8,133,140
312782640,312782628,"Postrhinal area, layer 4",VISpor4,8,133,140
312782644,312782628,"Postrhinal area, layer 5",VISpor5,8,133,140
312782648,312782628,"Postrhinal area, layer 6a",VISpor6a,8,133,140
312782652,312782628,"Postrhinal area, layer 6b",VISpor6b,8,133,140
31,315,Anterior cingulate area,ACA,64,166,102
572,31,"Anterior cingulate area, layer 1",ACA1,64,166,102
1053,31,"Anterior cingulate area, layer 2/3",ACA2/3,64,166,102
739,31,"Anterior cingulate area, layer 5",ACA5,64,166,102
179,31,"Anterior cingulate area, layer 6a",ACA6a,64,166,102
227,31,"Anterior cingulate area, layer 6b",ACA6b,64,166,102
39,31,"Anterior cingulate area, dorsal part",ACAd,64,166,102
935,39,"Anterior cingulate area, dorsal part, layer 1",ACAd1,64,166,102
211,39,"Anterior cingulate area, dorsal part, layer 2/3",ACAd2/3,64,166,102
1015,39,"Anterior cingulate area, dorsal part, layer 5",ACAd5,64,166,102
919,39,"Anterior cingulate area, dorsal part, layer 6a",ACAd6a,64,166,102
927,39,"Anterior cingulate area, dorsal part, layer 6b",ACAd6b,64,166,102
48,31,"Anterior cingulate area, ventral part",ACAv,64,166,102
588,48,"Anterior cingulate area, ventral part, layer 1",ACAv1,64,166,102
296,48,"Anterior cingulate area, ventral part, layer 2/3",ACAv2/3,64,166,102
772,48,"Anterior cingulate area, ventral part, layer 5",ACAv5,64,166,102
810,48,"Anterior cingulate area, ventral part, 6a",ACAv6a,64,166,102
819,48,"Anterior cingulate area, ventral part, 6b",ACAv6b,64,166,102
972,315,Prelimbic area,PL,47,168,80
171,972,"Prelimbic area, layer 1",PL1,47,168,80
195,972,"Prelimbic area, layer 2",PL2,47,168,80
304,972,"Prelimbic area, layer 2/3",PL2/3,47,168,80
363,972,"Prelimbic area, layer 5",PL5,47,168,80
84,972,"Prelimbic area, layer 6a",PL6a,47,168,80
132,972,"Prelimbic area, layer 6b",PL6b,47,168,80
44,315,Infralimbic area,ILA,89,179,99
707,44,"Infralimbic area, layer 1",ILA1,89,179,99
747,44,"Infralimbic area, layer 2",ILA2,89,179,99
556,44,"Infralimbic area, layer 2/3",ILA2/3,89,179,99
827,44,"Infralimbic area, layer 5",ILA5,89,179,99
1054,44,"Infralimbic area, layer 6a",ILA6a,89,179,99
1081,44,"Infralimbic area, layer 6b",ILA6b,89,179,99
714,315,Orbital area,ORB,36,138,94
264,714,"Orbital area, layer 1",ORB1,36,138,94
492,714,"Orbital area, layer 2/3",ORB2/3,36,138,94
352,714,"Orbital area, layer 5",ORB5,36,138,94
476,714,"Orbital area, layer 6a",ORB6a,36,138,94
516,714,"Orbital area, layer 6b",ORB6b,36,138,94
723,714,"Orbital area, lateral part",ORBl,36,138,94
448,723,"Orbital area, lateral part, layer 1",ORBl1,36,138,94
412,723,"Orbital area, lateral part, layer 2/3",ORBl2/3,36,138,94
630,723,"Orbital area, lateral part, layer 5",ORBl5,36,138,94
440,723,"Orbital area, lateral part, layer 6a",ORBl6a,36,138,94
488,723,"Orbital area, lateral part, layer 6b",ORBl6b,36,138,94
731,714,"Orbital area, medial part",ORBm,36,138,94
484,731,"Orbital area, medial part, layer 1",ORBm1,36,138,94
524,731,"Orbital area, medial part, layer 2",ORBm2,36,138,94
582,731,"Orbital area, medial part, layer 2/3",ORBm2/3,36,138,94
620,731,"Orbital area, medial part, layer 5",ORBm5,36,138,94
910,731,"Orbital area, medial part, layer 6a",ORBm6a,36,138,94
527696977,731,"Orbital area, medial part, layer 6b",ORBm6b,36,138,94
738,714,"Orbital area, ventral part",ORBv,36,138,94
746,714,"Orbital area, ventrolateral part",ORBvl,36,138,94
969,746,"Orbital area, ventrolateral part, layer 1",ORBvl1,36,138,94
288,746,"Orbital area, ventrolateral part, layer 2/3",ORBvl2/3,36,138,94
1125,746,"Orbital area, ventrolateral part, layer 5",ORBvl5,36,138,94
608,746,"Orbital area, ventrolateral part, layer 6a",ORBvl6a,36,138,94
680,746,"Orbital area, ventrolateral part, layer 6b",ORBvl6b,36,138,94
95,315,Agranular insular area,AI,33,152,102
104,95,"Agranular insular area, dorsal part",AId,33,152,102
996,104,"Agranular insular area, dorsal part, layer 1",AId1,33,152,102
328,104,"Agranular insular area, dorsal part, layer 2/3",AId2/3,33,152,102
1101,104,"Agranular insular area, dorsal part, layer 5",AId5,33,152,102
783,104,"Agranular insular area, dorsal part, layer 6a",AId6a,33,152,102
831,104,"Agranular insular area, dorsal part, layer 6b",AId6b,33,152,102
111,95,"Agranular insular area, posterior part",AIp,33,152,102
120,111,"Agranular insular area, posterior part, layer 1",AIp1,33,152,102
163,111,"Agranular insular area, posterior part, layer 2/3",AIp2/3,33,152,102
344,111,"Agranular insular area, posterior part, layer 5",AIp5,33,152,102
314,111,"Agranular insular area, posterior part, layer 6a",AIp6a,33,152,102
355,111,"Agranular insular area, posterior part, layer 6b",AIp6b,33,152,102
119,95,"Agranular insular area, ventral part",AIv,33,152,102
704,119,"Agranular insular area, ventral part, layer 1",AIv1,33,152,102
694,119,"Agranular insular area, ventral part, layer 2/3",AIv2/3,33,152,102
800,119,"Agranular insular area, ventral part, layer 5",AIv5,33,152,102
675,119,"Agranular insular area, ventral part, layer 6a",AIv6a,33,152,102
699,119,"Agranular insular area, ventral part, layer 6b",AIv6b,33,152,102
254,315,Retrosplenial area,RSP,26,166,152
894,254,"Retrosplenial area, lateral agranular part",RSPagl,26,166,152
671,894,"Retrosplenial area, lateral agranular part, layer 1",RSPagl1,26,166,152
965,894,"Retrosplenial area, lateral agranular part, layer 2/3",RSPagl2/3,26,166,152
774,894,"Retrosplenial area, lateral agranular part, layer 5",RSPagl5,26,166,152
906,894,"Retrosplenial area, lateral agranular part, layer 6a",RSPagl6a,26,166,152
279,894,"Retrosplenial area, lateral agranular part, layer 6b",RSPagl6b,26,166,152
480149258,894,Mediomedial anterior visual area,VISmma,26,166,152
480149262,480149258,"Mediomedial anterior visual area, layer 1",VISmma1,26,166,152
480149266,480149258,"Mediomedial anterior visual area, layer 2/3",VISmma2/3,26,166,152
480149270,480149258,"Mediomedial anterior visual area, layer 4",VISmma4,26,166,152
480149274,480149258,"Mediomedial anterior visual area,layer 5",VISmma5,26,166,152
480149278,480149258,"Mediomedial anterior visual area, layer 6a",VISmma6a,26,166,152
480149282,480149258,"Mediomedial anterior visual area, layer 6b",VISmma6b,26,166,152
480149286,894,Mediomedial posterior visual area,VISmmp,26,166,152
480149290,480149286,"Mediomedial posterior visual area, layer 1",VISmmp1,26,166,152
480149294,480149286,"Mediomedial posterior visual area, layer 2/3",VISmmp2/3,26,166,152
480149298,480149286,"Mediomedial posterior visual area, layer 4",VISmmp4,26,166,152
480149302,480149286,"Mediomedial posterior visual area,layer 5",VISmmp5,26,166,152
480149306,480149286,"Mediomedial posterior visual area, layer 6a",VISmmp6a,26,166,152
480149310,480149286,"Mediomedial posterior visual area, layer 6b",VISmmp6b,26,166,152
480149314,894,Medial visual area,VISm,26,166,152
480149318,480149314,"Medial visual area, layer 1",VISm1,26,166,152
480149322,480149314,"Medial visual area, layer 2/3",VISm2/3,26,166,152
480149326,480149314,"Medial visual area, layer 4",VISm4,26,166,152
480149330,480149314,"Medial visual area,layer 5",VISm5,26,166,152
480149334,480149314,"Medial visual area, layer 6a",VISm6a,26,166,152
480149338,480149314,"Medial visual area, layer 6b",VISm6b,26,166,152
879,254,"Retrosplenial area, dorsal part",RSPd,26,166,152
442,879,"Retrosplenial area, dorsal part, layer 1",RSPd1,26,166,152
434,879,"Retrosplenial area, dorsal part, layer 2/3",RSPd2/3,26,166,152
545,879,"Retrosplenial area, dorsal part, layer 4",RSPd4,26,166,152
610,879,"Retrosplenial area, dorsal part, layer 5",RSPd5,26,166,152
274,879,"Retrosplenial area, dorsal part, layer 6a",RSPd6a,26,166,152
330,879,"Retrosplenial area, dorsal part, layer 6b",RSPd6b,26,166,152
886,254,"Retrosplenial area, ventral part",RSPv,26,166,152
542,886,"Retrosplenial area, ventral part, layer 1",RSPv1,26,166,152
606,886,"Retrosplenial area, ventral part, layer 2",RSPv2,26,166,152
430,886,"Retrosplenial area, ventral part, layer 2/3",RSPv2/3,26,166,152
687,886,"Retrosplenial area, ventral part, layer 5",RSPv5,26,166,152
590,886,"Retrosplenial area, ventral part, layer 6a",RSPv6a,26,166,152
622,886,"Retrosplenial area, ventral part, layer 6b",RSPv6b,26,166,152
22,315,Posterior parietal association areas,PTLp,0,159,172
532,22,"Posterior parietal association areas, layer 1",PTLp1,0,159,172
241,22,"Posterior parietal association areas, layer 2/3",PTLp2/3,0,159,172
635,22,"Posterior parietal association areas, layer 4",PTLp4,0,159,172
683,22,"Posterior parietal association areas, layer 5",PTLp5,0,159,172
308,22,"Posterior parietal association areas, layer 6a",PTLp6a,0,159,172
340,22,"Posterior parietal association areas, layer 6b",PTLp6b,0,159,172
312782546,22,Anterior area,VISa,0,159,172
312782550,312782546,"Anterior area, layer 1",VISa1,0,159,172
312782554,312782546,"Anterior area, layer 2/3",VISa2/3,0,159,172
312782558,312782546,"Anterior area, layer 4",VISa4,0,159,172
312782562,312782546,"Anterior area, layer 5",VISa5,0,159,172
312782566,312782546,"Anterior area, layer 6a",VISa6a,0,159,172
312782570,312782546,"Anterior area, layer 6b",VISa6b,0,159,172
417,22,Rostrolateral visual area,VISrl,0,159,172
312782604,417,"Rostrolateral area, layer 1",VISrl1,0,159,172
312782608,417,"Rostrolateral area, layer 2/3",VISrl2/3,0,159,172
312782612,417,"Rostrolateral area, layer 4",VISrl4,0,159,172
312782616,417,"Rostrolateral area, layer 5",VISrl5,0,159,172
312782620,417,"Rostrolateral area, layer 6a",VISrl6a,0,159,172
312782624,417,"Rostrolateral area, layer 6b",VISrl6b,0,159,172
541,315,Temporal association areas,TEa,21,176,179
97,541,"Temporal association areas, layer 1",TEa1,21,176,179
1127,541,"Temporal association areas, layer 2/3",TEa2/3,21,176,179
234,541,"Temporal association areas, layer 4",TEa4,21,176,179
289,541,"Temporal association areas, layer 5",TEa5,21,176,179
729,541,"Temporal association areas, layer 6a",TEa6a,21,176,179
786,541,"Temporal association areas, layer 6b",TEa6b,21,176,179
922,315,Perirhinal area,PERI,14,150,132
540,922,"Perirhinal area, layer 1",PERI1,14,150,132
888,922,"Perirhinal area, layer 2/3",PERI2/3,14,150,132
692,922,"Perirhinal area, layer 5",PERI5,14,150,132
335,922,"Perirhinal area, layer 6a",PERI6a,14,150,132
368,922,"Perirhinal area, layer 6b",PERI6b,14,150,132
895,315,Ectorhinal area,ECT,13,159,145
836,895,Ectorhinal area/Layer 1,ECT1,13,159,145
427,895,Ectorhinal area/Layer 2/3,ECT2/3,13,159,145
988,895,Ectorhinal area/Layer 5,ECT5,13,159,145
977,895,Ectorhinal area/Layer 6a,ECT6a,13,159,145
1045,895,Ectorhinal area/Layer 6b,ECT6b,13,159,145
698,695,Olfactory areas,OLF,154,210,189
507,698,Main olfactory bulb,MOB,154,210,189
212,507,"Main olfactory bulb, glomerular layer",MOBgl,130,199,174
220,507,"Main olfactory bulb, granule layer",MOBgr,130,199,174
228,507,"Main olfactory bulb, inner plexiform layer",MOBipl,154,210,189
236,507,"Main olfactory bulb, mitral layer",MOBmi,130,199,174
244,507,"Main olfactory bulb, outer plexiform layer",MOBopl,154,210,189
151,698,Accessory olfactory bulb,AOB,157,240,210
188,151,"Accessory olfactory bulb, glomerular layer",AOBgl,157,240,210
196,151,"Accessory olfactory bulb, granular layer",AOBgr,149,228,200
204,151,"Accessory olfactory bulb, mitral layer",AOBmi,157,240,210
159,698,Anterior olfactory nucleus,AON,84,191,148
167,159,"Anterior olfactory nucleus, dorsal part",AONd,84,191,148
175,159,"Anterior olfactory nucleus, external part",AONe,84,191,148
183,159,"Anterior olfactory nucleus, lateral part",AONl,84,191,148
191,159,"Anterior olfactory nucleus, medial part",AONm,84,191,148
199,159,"Anterior olfactory nucleus, posteroventral part",AONpv,84,191,148
160,159,"Anterior olfactory nucleus, layer 1",AON1,84,191,148
168,159,"Anterior olfactory nucleus, layer 2",AON2,84,191,148
589,698,Taenia tecta,TT,98,208,159
597,589,"Taenia tecta, dorsal part",TTd,98,208,159
297,597,"Taenia tecta, dorsal part, layers 1-4",TTd1-4,98,208,159
1034,597,"Taenia tecta, dorsal part, layer 1",TTd1,98,208,159
1042,597,"Taenia tecta, dorsal part, layer 2",TTd2,98,208,159
1050,597,"Taenia tecta, dorsal part, layer 3",TTd3,98,208,159
1059,597,"Taenia tecta, dorsal part, layer 4",TTd4,98,208,159
605,589,"Taenia tecta, ventral part",TTv,98,208,159
306,605,"Taenia tecta, ventral part, layers 1-3",TTv1-3,98,208,159
1067,605,"Taenia tecta, ventral part, layer 1",TTv1,98,208,159
1075,605,"Taenia tecta, ventral part, layer 2",TTv2,98,208,159
1082,605,"Taenia tecta, ventral part, layer 3",TTv3,98,208,159
814,698,Dorsal peduncular area,DP,164,218,164
496,814,"Dorsal peduncular area, layer 1",DP1,164,218,164
535,814,"Dorsal peduncular area, layer 2",DP2,164,218,164
360,814,"Dorsal peduncular area, layer 2/3",DP2/3,164,218,164
646,814,"Dorsal peduncular area, layer 5",DP5,164,218,164
267,814,"Dorsal peduncular area, layer 6a",DP6a,164,218,164
961,698,Piriform area,PIR,106,203,186
152,961,"Piriform area, layers 1-3",PIR1-3,106,203,186
276,961,"Piriform area, molecular layer",PIR1,106,203,186
284,961,"Piriform area, pyramidal layer",PIR2,106,203,186
291,961,"Piriform area, polymorph layer",PIR3,106,203,186
619,698,Nucleus of the lateral olfactory tract,NLOT,149,228,200
392,619,"Nucleus of the lateral olfactory tract, layers 1-3",NLOT1-3,149,228,200
260,619,"Nucleus of the lateral olfactory tract, molecular layer",NLOT1,149,228,200
268,619,"Nucleus of the lateral olfactory tract, pyramidal layer",NLOT2,149,228,200
1139,619,"Nucleus of the lateral olfactory tract, layer 3",NLOT3,149,228,200
631,698,Cortical amygdalar area,COA,97,231,183
639,631,"Cortical amygdalar area, anterior part",COAa,97,231,183
192,639,"Cortical amygdalar area, anterior part, layer 1",COAa1,97,231,183
200,639,"Cortical amygdalar area, anterior part, layer 2",COAa2,97,231,183
208,639,"Cortical amygdalar area, anterior part, layer 3",COAa3,97,231,183
647,631,"Cortical amygdalar area, posterior part",COAp,97,231,183
655,647,"Cortical amygdalar area, posterior part, lateral zone",COApl,97,231,183
584,655,"Cortical amygdalar area, posterior part, lateral zone, layers 1-2",COApl1-2,97,231,183
376,655,"Cortical amygdalar area, posterior part, lateral zone, layers 1-3",COApl1-3,97,231,183
216,655,"Cortical amygdalar area, posterior part, lateral zone, layer 1",COApl1,97,231,183
224,655,"Cortical amygdalar area, posterior part, lateral zone, layer 2",COApl2,97,231,183
232,655,"Cortical amygdalar area, posterior part, lateral zone, layer 3",COApl3,97,231,183
663,647,"Cortical amygdalar area, posterior part, medial zone",COApm,97,231,183
592,663,"Cortical amygdalar area, posterior part, medial zone, layers 1-2",COApm1-2,97,231,183
383,663,"Cortical amygdalar area, posterior part, medial zone, layers 1-3",COApm1-3,97,231,183
240,663,"Cortical amygdalar area, posterior part, medial zone, layer 1",COApm1,97,231,183
248,663,"Cortical amygdalar area, posterior part, medial zone, layer 2",COApm2,97,231,183
256,663,"Cortical amygdalar area, posterior part, medial zone, layer 3",COApm3,97,231,183
788,698,Piriform-amygdalar area,PAA,89,218,171
400,788,"Piriform-amygdalar area, layers 1-3",PAA1-3,89,218,171
408,788,"Piriform-amygdalar area, molecular layer",PAA1,89,218,171
416,788,"Piriform-amygdalar area, pyramidal layer",PAA2,89,218,171
424,788,"Piriform-amygdalar area, polymorph layer",PAA3,89,218,171
566,698,Postpiriform transition area,TR,168,236,211
517,566,"Postpiriform transition area, layers 1-3",TR1-3,168,236,211
1140,566,"Postpiriform transition area, layers 1",TR1,168,236,211
1141,566,"Postpiriform transition area, layers 2",TR2,168,236,211
1142,566,"Postpiriform transition area, layers 3",TR3,168,236,211
1089,695,Hippocampal formation,HPF,126,208,75
1080,1089,Hippocampal region,HIP,126,208,75
375,1080,Ammon's horn,CA,126,208,75
382,375,Field CA1,CA1,126,208,75
391,382,"Field CA1, stratum lacunosum-moleculare",CA1slm,126,208,75
399,382,"Field CA1, stratum oriens",CA1so,126,208,75
407,382,"Field CA1, pyramidal layer",CA1sp,102,168,61
415,382,"Field CA1, stratum radiatum",CA1sr,126,208,75
423,375,Field CA2,CA2,126,208,75
431,423,"Field CA2, stratum lacunosum-moleculare",CA2slm,126,208,75
438,423,"Field CA2, stratum oriens",CA2so,126,208,75
446,423,"Field CA2, pyramidal layer",CA2sp,102,168,61
454,423,"Field CA2, stratum radiatum",CA2sr,126,208,75
463,375,Field CA3,CA3,126,208,75
471,463,"Field CA3, stratum lacunosum-moleculare",CA3slm,126,208,75
479,463,"Field CA3, stratum lucidum",CA3slu,126,208,75
486,463,"Field CA3, stratum oriens",CA3so,126,208,75
495,463,"Field CA3, pyramidal layer",CA3sp,102,168,61
504,463,"Field CA3, stratum radiatum",CA3sr,126,208,75
726,1080,Dentate gyrus,DG,126,208,75
10703,726,"Dentate gyrus, molecular layer",DG-mo,126,208,75
10704,726,"Dentate gyrus, polymorph layer",DG-po,126,208,75
632,726,"Dentate gyrus, granule cell layer",DG-sg,102,168,61
10702,726,"Dentate gyrus, subgranular zone",DG-sgz,126,208,75
734,726,Dentate gyrus crest,DGcr,126,208,75
742,734,"Dentate gyrus crest, molecular layer",DGcr-mo,126,208,75
751,734,"Dentate gyrus crest, polymorph layer",DGcr-po,126,208,75
758,734,"Dentate gyrus crest, granule cell layer",DGcr-sg,126,208,75
766,726,Dentate gyrus lateral blade,DGlb,126,208,75
775,766,"Dentate gyrus lateral blade, molecular layer",DGlb-mo,126,208,75
782,766,"Dentate gyrus lateral blade, polymorph layer",DGlb-po,126,208,75
790,766,"Dentate gyrus lateral blade, granule cell layer",DGlb-sg,126,208,75
799,726,Dentate gyrus medial blade,DGmb,126,208,75
807,799,"Dentate gyrus medial blade, molecular layer",DGmb-mo,126,208,75
815,799,"Dentate gyrus medial blade, polymorph layer",DGmb-po,126,208,75
823,799,"Dentate gyrus medial blade, granule cell layer",DGmb-sg,126,208,75
982,1080,Fasciola cinerea,FC,126,208,75
19,1080,Induseum griseum,IG,126,208,75
822,1089,Retrohippocampal region,RHP,50,184,37
909,822,Entorhinal area,ENT,50,184,37
918,909,"Entorhinal area, lateral part",ENTl,50,184,37
1121,918,"Entorhinal area, lateral part, layer 1",ENTl1,50,184,37
20,918,"Entorhinal area, lateral part, layer 2",ENTl2,50,184,37
999,918,"Entorhinal area, lateral part, layer 2/3",ENTl2/3,50,184,37
715,918,"Entorhinal area, lateral part, layer 2a",ENTl2a,50,184,37
764,918,"Entorhinal area, lateral part, layer 2b",ENTl2b,50,184,37
52,918,"Entorhinal area, lateral part, layer 3",ENTl3,50,184,37
92,918,"Entorhinal area, lateral part, layer 4",ENTl4,50,184,37
312,918,"Entorhinal area, lateral part, layer 4/5",ENTl4/5,50,184,37
139,918,"Entorhinal area, lateral part, layer 5",ENTl5,50,184,37
387,918,"Entorhinal area, lateral part, layer 5/6",ENTl5/6,50,184,37
28,918,"Entorhinal area, lateral part, layer 6a",ENTl6a,50,184,37
60,918,"Entorhinal area, lateral part, layer 6b",ENTl6b,50,184,37
926,909,"Entorhinal area, medial part, dorsal zone",ENTm,50,184,37
526,926,"Entorhinal area, medial part, dorsal zone, layer 1",ENTm1,50,184,37
543,926,"Entorhinal area, medial part, dorsal zone, layer 2",ENTm2,50,184,37
468,926,"Entorhinal area, medial part, dorsal zone, layer 2a",ENTm2a,50,184,37
508,926,"Entorhinal area, medial part, dorsal zone, layer 2b",ENTm2b,50,184,37
664,926,"Entorhinal area, medial part, dorsal zone, layer 3",ENTm3,50,184,37
712,926,"Entorhinal area, medial part, dorsal zone, layer 4",ENTm4,50,184,37
727,926,"Entorhinal area, medial part, dorsal zone, layer 5",ENTm5,50,184,37
550,926,"Entorhinal area, medial part, dorsal zone, layer 5/6",ENTm5/6,50,184,37
743,926,"Entorhinal area, medial part, dorsal zone, layer 6",ENTm6,50,184,37
934,909,"Entorhinal area, medial part, ventral zone",ENTmv,50,184,37
259,934,"Entorhinal area, medial part, ventral zone, layer 1",ENTmv1,50,184,37
324,934,"Entorhinal area, medial part, ventral zone, layer 2",ENTmv2,50,184,37
371,934,"Entorhinal area, medial part, ventral zone, layer 3",ENTmv3,50,184,37
419,934,"Entorhinal area, medial part, ventral zone, layer 4",ENTmv4,50,184,37
1133,934,"Entorhinal area, medial part, ventral zone, layer 5/6",ENTmv5/6,50,184,37
843,822,Parasubiculum,PAR,114,213,105
10693,843,"Parasubiculum, layer 1",PAR1,114,213,105
10694,843,"Parasubiculum, layer 2",PAR2,114,213,105
10695,843,"Parasubiculum, layer 3",PAR3,114,213,105
1037,822,Postsubiculum,POST,72,200,60
10696,1037,"Postsubiculum, layer 1",POST1,72,200,60
10697,1037,"Postsubiculum, layer 2",POST2,72,200,60
10698,1037,"Postsubiculum, layer 3",POST3,72,200,60
1084,822,Presubiculum,PRE,89,185,71
10699,1084,"Presubiculum, layer 1",PRE1,89,185,71
10700,1084,"Presubiculum, layer 2",PRE2,89,185,71
10701,1084,"Presubiculum, layer 3",PRE3,89,185,71
502,822,Subiculum,SUB,79,194,68
509,502,"Subiculum, dorsal part",SUBd,79,194,68
829,509,"Subiculum, dorsal part, molecular layer",SUBd-m,79,194,68
845,509,"Subiculum, dorsal part, pyramidal layer",SUBd-sp,75,181,71
837,509,"Subiculum, dorsal part, stratum radiatum",SUBd-sr,79,194,68
518,502,"Subiculum, ventral part",SUBv,79,194,68
853,518,"Subiculum, ventral part, molecular layer",SUBv-m,79,194,68
870,518,"Subiculum, ventral part, pyramidal layer",SUBv-sp,75,181,71
861,518,"Subiculum, ventral part, stratum radiatum",SUBv-sr,79,194,68
484682470,822,Prosubiculum,ProS,88,186,72
484682475,484682470,"Prosubiculum, dorsal part",ProSd,88,186,72
484682479,484682475,"Prosubiculum, dorsal part, molecular layer",ProSd-m,88,186,72
484682483,484682475,"Prosubiculum, dorsal part, pyramidal layer",ProSd-sp,86,184,75
484682487,484682475,"Prosubiculum, dorsal part, stratum radiatum",ProSd-sr,88,186,72
484682492,484682470,"Prosubiculum, ventral part",ProSv,88,186,72
484682496,484682492,"Prosubiculum, ventral part, molecular layer",ProSv-m,88,186,72
484682500,484682492,"Prosubiculum, ventral part, pyramidal layer",ProSv-sp,86,184,75
484682504,484682492,"Prosubiculum, ventral part, stratum radiatum",Prosv-sr,88,186,72
589508447,822,Hippocampo-amygdalar transition area,HATA,51,185,50
484682508,822,Area prostriata,APr,51,185,50
703,688,Cortical subplate,CTXsp,138,218,135
16,703,"Layer 6b, isocortex",6b,138,218,135
583,703,Claustrum,CLA,138,218,135
942,703,Endopiriform nucleus,EP,160,238,157
952,942,"Endopiriform nucleus, dorsal part",EPd,160,238,157
966,942,"Endopiriform nucleus, ventral part",EPv,160,238,157
131,703,Lateral amygdalar nucleus,LA,144,235,141
295,703,Basolateral amygdalar nucleus,BLA,157,231,156
303,295,"Basolateral amygdalar nucleus, anterior part",BLAa,157,231,156
311,295,"Basolateral amygdalar nucleus, posterior part",BLAp,157,231,156
451,295,"Basolateral amygdalar nucleus, ventral part",BLAv,157,231,156
319,703,Basomedial amygdalar nucleus,BMA,132,234,129
327,319,"Basomedial amygdalar nucleus, anterior part",BMAa,132,234,129
334,319,"Basomedial amygdalar nucleus, posterior part",BMAp,132,234,129
780,703,Posterior amygdalar nucleus,PA,151,236,147
623,567,Cerebral nuclei,CNU,152,214,249
477,623,Striatum,STR,152,214,249
485,477,Striatum dorsal region,STRd,152,214,249
672,485,Caudoputamen,CP,152,214,249
493,477,Striatum ventral region,STRv,128,205,248
56,493,Nucleus accumbens,ACB,128,205,248
3001,56,"Nucleus accumbens, core",ACBc,118,195,238
3002,56,"Nucleus accumbens, shell",ACBsh,128,205,248
998,493,Fundus of striatum,FS,128,205,248
754,493,Olfactory tubercle,OT,128,205,248
481,754,Islands of Calleja,isl,128,205,248
489,754,Major island of Calleja,islm,128,205,248
144,754,"Olfactory tubercle, layers 1-3",OT1-3,128,205,248
458,754,"Olfactory tubercle, molecular layer",OT1,128,205,248
465,754,"Olfactory tubercle, pyramidal layer",OT2,128,205,248
473,754,"Olfactory tubercle, polymorph layer",OT3,128,205,248
549009199,493,Lateral strip of striatum,LSS,128,205,248
275,477,Lateral septal complex,LSX,144,203,237
242,275,Lateral septal nucleus,LS,144,203,237
250,242,"Lateral septal nucleus, caudal (caudodorsal) part",LSc,144,203,237
258,242,"Lateral septal nucleus, rostral (rostroventral) part",LSr,144,203,237
266,242,"Lateral septal nucleus, ventral part",LSv,144,203,237
310,275,Septofimbrial nucleus,SF,144,203,237
333,275,Septohippocampal nucleus,SH,144,203,237
278,477,Striatum-like amygdalar nuclei,sAMY,128,192,226
23,278,Anterior amygdalar area,AAA,128,192,226
292,278,Bed nucleus of the accessory olfactory tract,BA,128,192,226
536,278,Central amygdalar nucleus,CEA,128,192,226
544,536,"Central amygdalar nucleus, capsular part",CEAc,128,192,226
551,536,"Central amygdalar nucleus, lateral part",CEAl,128,192,226
559,536,"Central amygdalar nucleus, medial part",CEAm,128,192,226
1105,278,Intercalated amygdalar nucleus,IA,128,192,226
403,278,Medial amygdalar nucleus,MEA,128,192,226
411,403,"Medial amygdalar nucleus, anterodorsal part",MEAad,128,192,226
418,403,"Medial amygdalar nucleus, anteroventral part",MEAav,128,192,226
426,403,"Medial amygdalar nucleus, posterodorsal part",MEApd,128,192,226
472,426,"Medial amygdalar nucleus, posterodorsal part, sublayer a",MEApd-a,128,192,226
480,426,"Medial amygdalar nucleus, posterodorsal part, sublayer b",MEApd-b,128,192,226
487,426,"Medial amygdalar nucleus, posterodorsal part, sublayer c",MEApd-c,128,192,226
435,403,"Medial amygdalar nucleus, posteroventral part",MEApv,128,192,226
803,623,Pallidum,PAL,133,153,204
818,803,"Pallidum, dorsal region",PALd,133,153,204
1022,818,"Globus pallidus, external segment",GPe,133,153,204
1031,818,"Globus pallidus, internal segment",GPi,133,153,204
835,803,"Pallidum, ventral region",PALv,162,177,216
342,835,Substantia innominata,SI,162,177,216
298,835,Magnocellular nucleus,MA,162,177,216
826,803,"Pallidum, medial region",PALm,150,167,211
904,826,Medial septal complex,MSC,150,167,211
564,904,Medial septal nucleus,MS,150,167,211
596,904,Diagonal band nucleus,NDB,150,167,211
581,826,Triangular nucleus of septum,TRS,150,167,211
809,803,"Pallidum, caudal region",PALc,179,192,223
351,809,Bed nuclei of the stria terminalis,BST,179,192,223
359,351,"Bed nuclei of the stria terminalis, anterior division",BSTa,179,192,223
537,359,"Bed nuclei of the stria terminalis, anterior division, anterolateral area",BSTal,179,192,223
498,359,"Bed nuclei of the stria terminalis, anterior division, anteromedial area",BSTam,179,192,223
505,359,"Bed nuclei of the stria terminalis, anterior division, dorsomedial nucleus",BSTdm,179,192,223
513,359,"Bed nuclei of the stria terminalis, anterior division, fusiform nucleus",BSTfu,179,192,223
546,359,"Bed nuclei of the stria terminalis, anterior division, juxtacapsular nucleus",BSTju,179,192,223
521,359,"Bed nuclei of the stria terminalis, anterior division, magnocellular nucleus",BSTmg,179,192,223
554,359,"Bed nuclei of the stria terminalis, anterior division, oval nucleus",BSTov,179,192,223
562,359,"Bed nuclei of the stria terminalis, anterior division, rhomboid nucleus",BSTrh,179,192,223
529,359,"Bed nuclei of the stria terminalis, anterior division, ventral nucleus",BSTv,179,192,223
367,351,"Bed nuclei of the stria terminalis, posterior division",BSTp,179,192,223
569,367,"Bed nuclei of the stria terminalis, posterior division, dorsal nucleus",BSTd,179,192,223
578,367,"Bed nuclei of the stria terminalis, posterior division, principal nucleus",BSTpr,179,192,223
585,367,"Bed nuclei of the stria terminalis, posterior division, interfascicular nucleus",BSTif,179,192,223
594,367,"Bed nuclei of the stria terminalis, posterior division, transverse nucleus",BSTtr,179,192,223
602,367,"Bed nuclei of the stria terminalis, posterior division, strial extension",BSTse,179,192,223
287,809,Bed nucleus of the anterior commissure,BAC,179,192,223
343,8,Brain stem,BS,255,112,128
1129,343,Interbrain,IB,255,112,128
549,1129,Thalamus,TH,255,112,128
864,549,"Thalamus, sensory-motor cortex related",DORsm,255,128,132
637,864,Ventral group of the dorsal thalamus,VENT,255,128,132
629,637,Ventral anterior-lateral complex of the thalamus,VAL,255,128,132
685,637,Ventral medial nucleus of the thalamus,VM,255,128,132
709,637,Ventral posterior complex of the thalamus,VP,255,128,132
718,709,Ventral posterolateral nucleus of the thalamus,VPL,255,128,132
725,709,"Ventral posterolateral nucleus of the thalamus, parvicellular part",VPLpc,255,128,132
733,709,Ventral posteromedial nucleus of the thalamus,VPM,255,128,132
741,709,"Ventral posteromedial nucleus of the thalamus, parvicellular part",VPMpc,255,128,132
563807435,637,Posterior triangular thalamic nucleus,PoT,255,128,132
406,864,Subparafascicular nucleus,SPF,255,128,132
414,406,"Subparafascicular nucleus, magnocellular part",SPFm,255,128,132
422,406,"Subparafascicular nucleus, parvicellular part",SPFp,255,128,132
609,864,Subparafascicular area,SPA,255,128,132
1044,864,Peripeduncular nucleus,PP,255,128,132
1008,864,"Geniculate group, dorsal thalamus",GENd,255,128,132
475,1008,Medial geniculate complex,MG,255,128,132
1072,475,"Medial geniculate complex, dorsal part",MGd,255,128,132
1079,475,"Medial geniculate complex, ventral part",MGv,255,128,132
1088,475,"Medial geniculate complex, medial part",MGm,255,128,132
170,1008,Dorsal part of the lateral geniculate complex,LGd,255,128,132
496345664,170,"Dorsal part of the lateral geniculate complex, shell",LGd-sh,255,128,132
496345668,170,"Dorsal part of the lateral geniculate complex, core",LGd-co,255,128,132
496345672,170,"Dorsal part of the lateral geniculate complex, ipsilateral zone",LGd-ip,255,128,132
856,549,"Thalamus, polymodal association cortex related",DORpm,255,144,159
138,856,Lateral group of the dorsal thalamus,LAT,255,144,159
218,138,Lateral posterior nucleus of the thalamus,LP,255,144,159
1020,138,Posterior complex of the thalamus,PO,255,144,159
1029,138,Posterior limiting nucleus of the thalamus,POL,255,144,159
325,138,Suprageniculate nucleus,SGN,255,144,159
560581551,138,Ethmoid nucleus of the thalamus,Eth,255,144,159
560581555,138,Retroethmoid nucleus,REth,255,144,159
239,856,Anterior group of the dorsal thalamus,ATN,255,144,159
255,239,Anteroventral nucleus of thalamus,AV,255,144,159
127,239,Anteromedial nucleus,AM,255,144,159
1096,127,"Anteromedial nucleus, dorsal part",AMd,255,144,159
1104,127,"Anteromedial nucleus, ventral part",AMv,255,144,159
64,239,Anterodorsal nucleus,AD,255,144,159
1120,239,Interanteromedial nucleus of the thalamus,IAM,255,144,159
1113,239,Interanterodorsal nucleus of the thalamus,IAD,255,144,159
155,239,Lateral dorsal nucleus of thalamus,LD,255,144,159
444,856,Medial group of the dorsal thalamus,MED,255,144,159
59,444,Intermediodorsal nucleus of the thalamus,IMD,255,144,159
362,444,Mediodorsal nucleus of thalamus,MD,255,144,159
617,362,"Mediodorsal nucleus of the thalamus, central part",MDc,255,144,159
626,362,"Mediodorsal nucleus of the thalamus, lateral part",MDl,255,144,159
636,362,"Mediodorsal nucleus of the thalamus, medial part",MDm,255,144,159
366,444,Submedial nucleus of the thalamus,SMT,255,144,159
1077,444,Perireunensis nucleus,PR,255,144,159
571,856,Midline group of the dorsal thalamus,MTN,255,144,159
149,571,Paraventricular nucleus of the thalamus,PVT,255,144,159
15,571,Parataenial nucleus,PT,255,144,159
181,571,Nucleus of reuniens,RE,255,144,159
560581559,571,Xiphoid thalamic nucleus,Xi,255,144,159
51,856,Intralaminar nuclei of the dorsal thalamus,ILM,255,144,159
189,51,Rhomboid nucleus,RH,255,144,159
599,51,Central medial nucleus of the thalamus,CM,255,144,159
907,51,Paracentral nucleus,PCN,255,144,159
575,51,Central lateral nucleus of the thalamus,CL,255,144,159
930,51,Parafascicular nucleus,PF,255,144,159
560581563,51,Posterior intralaminar thalamic nucleus,PIL,255,144,159
262,856,Reticular nucleus of the thalamus,RT,255,144,159
1014,856,"Geniculate group, ventral thalamus",GENv,255,144,159
27,1014,Intergeniculate leaflet of the lateral geniculate complex,IGL,255,144,159
563807439,1014,Intermediate geniculate nucleus,IntG,255,144,159
178,1014,Ventral part of the lateral geniculate complex,LGv,255,144,159
300,178,"Ventral part of the lateral geniculate complex, lateral zone",LGvl,255,144,159
316,178,"Ventral part of the lateral geniculate complex, medial zone",LGvm,255,144,159
321,1014,Subgeniculate nucleus,SubG,255,144,159
958,856,Epithalamus,EPI,255,144,159
483,958,Medial habenula,MH,255,144,159
186,958,Lateral habenula,LH,255,144,159
953,958,Pineal body,PIN,255,144,159
1097,1129,Hypothalamus,HY,230,68,56
157,1097,Periventricular zone,PVZ,255,93,80
390,157,Supraoptic nucleus,SO,255,93,80
332,157,Accessory supraoptic group,ASO,255,93,80
432,332,Nucleus circularis,NC,255,93,80
38,157,Paraventricular hypothalamic nucleus,PVH,255,93,80
71,38,"Paraventricular hypothalamic nucleus, magnocellular division",PVHm,255,93,80
47,71,"Paraventricular hypothalamic nucleus, magnocellular division, anterior magnocellular part",PVHam,255,93,80
79,71,"Paraventricular hypothalamic nucleus, magnocellular division, medial magnocellular part",PVHmm,255,93,80
103,71,"Paraventricular hypothalamic nucleus, magnocellular division, posterior magnocellular part",PVHpm,255,93,80
652,103,"Paraventricular hypothalamic nucleus, magnocellular division, posterior magnocellular part, lateral zone",PVHpml,255,93,80
660,103,"Paraventricular hypothalamic nucleus, magnocellular division, posterior magnocellular part, medial zone",PVHpmm,255,93,80
94,38,"Paraventricular hypothalamic nucleus, parvicellular division",PVHp,255,93,80
55,94,"Paraventricular hypothalamic nucleus, parvicellular division, anterior parvicellular part",PVHap,255,93,80
87,94,"Paraventricular hypothalamic nucleus, parvicellular division, medial parvicellular part, dorsal zone",PVHmpd,255,93,80
110,94,"Paraventricular hypothalamic nucleus, parvicellular division, periventricular part",PVHpv,255,93,80
30,157,"Periventricular hypothalamic nucleus, anterior part",PVa,255,93,80
118,157,"Periventricular hypothalamic nucleus, intermediate part",PVi,255,93,80
223,157,Arcuate hypothalamic nucleus,ARH,255,93,80
141,1097,Periventricular region,PVR,255,85,71
72,141,Anterodorsal preoptic nucleus,ADP,255,85,71
80,141,Anterior hypothalamic area,AHA,255,85,71
263,141,Anteroventral preoptic nucleus,AVP,255,85,71
272,141,Anteroventral periventricular nucleus,AVPV,255,85,71
830,141,Dorsomedial nucleus of the hypothalamus,DMH,255,85,71
668,830,"Dorsomedial nucleus of the hypothalamus, anterior part",DMHa,255,85,71
676,830,"Dorsomedial nucleus of the hypothalamus, posterior part",DMHp,255,85,71
684,830,"Dorsomedial nucleus of the hypothalamus, ventral part",DMHv,255,85,71
452,141,Median preoptic nucleus,MEPO,255,85,71
523,141,Medial preoptic area,MPO,255,85,71
763,141,Vascular organ of the lamina terminalis,OV,255,85,71
914,141,Posterodorsal preoptic nucleus,PD,255,85,71
1109,141,Parastrial nucleus,PS,255,85,71
1124,141,Suprachiasmatic preoptic nucleus,PSCH,255,85,71
126,141,"Periventricular hypothalamic nucleus, posterior part",PVp,255,85,71
133,141,"Periventricular hypothalamic nucleus, preoptic part",PVpo,255,85,71
347,141,Subparaventricular zone,SBPV,255,85,71
286,141,Suprachiasmatic nucleus,SCH,255,85,71
338,141,Subfornical organ,SFO,255,85,71
576073699,141,Ventromedial preoptic nucleus,VMPO,255,85,71
689,141,Ventrolateral preoptic nucleus,VLPO,255,85,71
467,1097,Hypothalamic medial zone,MEZ,255,76,62
88,467,Anterior hypothalamic nucleus,AHN,255,76,62
700,88,"Anterior hypothalamic nucleus, anterior part",AHNa,255,76,62
708,88,"Anterior hypothalamic nucleus, central part",AHNc,255,76,62
716,88,"Anterior hypothalamic nucleus, dorsal part",AHNd,255,76,62
724,88,"Anterior hypothalamic nucleus, posterior part",AHNp,255,76,62
331,467,Mammillary body,MBO,255,76,62
210,331,Lateral mammillary nucleus,LM,255,76,62
491,331,Medial mammillary nucleus,MM,255,76,62
732,491,"Medial mammillary nucleus, median part",MMme,255,76,62
606826647,491,"Medial mammillary nucleus, lateral part",MMl,255,76,62
606826651,491,"Medial mammillary nucleus, medial part",MMm,255,76,62
606826655,491,"Medial mammillary nucleus, posterior part",MMp,255,76,62
606826659,491,"Medial mammillary nucleus, dorsal part",MMd,255,76,62
525,331,Supramammillary nucleus,SUM,255,76,62
1110,525,"Supramammillary nucleus, lateral part",SUMl,255,76,62
1118,525,"Supramammillary nucleus, medial part",SUMm,255,76,62
557,331,Tuberomammillary nucleus,TM,255,76,62
1126,557,"Tuberomammillary nucleus, dorsal part",TMd,255,76,62
1,557,"Tuberomammillary nucleus, ventral part",TMv,255,76,62
515,467,Medial preoptic nucleus,MPN,255,76,62
740,515,"Medial preoptic nucleus, central part",MPNc,255,76,62
748,515,"Medial preoptic nucleus, lateral part",MPNl,255,76,62
756,515,"Medial preoptic nucleus, medial part",MPNm,255,76,62
980,467,Dorsal premammillary nucleus,PMd,255,76,62
1004,467,Ventral premammillary nucleus,PMv,255,76,62
63,467,"Paraventricular hypothalamic nucleus, descending division",PVHd,255,76,62
439,63,"Paraventricular hypothalamic nucleus, descending division, dorsal parvicellular part",PVHdp,255,76,62
447,63,"Paraventricular hypothalamic nucleus, descending division, forniceal part",PVHf,255,76,62
455,63,"Paraventricular hypothalamic nucleus, descending division, lateral parvicellular part",PVHlp,255,76,62
464,63,"Paraventricular hypothalamic nucleus, descending division, medial parvicellular part, ventral zone",PVHmpv,255,76,62
693,467,Ventromedial hypothalamic nucleus,VMH,255,76,62
761,693,"Ventromedial hypothalamic nucleus, anterior part",VMHa,255,76,62
769,693,"Ventromedial hypothalamic nucleus, central part",VMHc,255,76,62
777,693,"Ventromedial hypothalamic nucleus, dorsomedial part",VMHdm,255,76,62
785,693,"Ventromedial hypothalamic nucleus, ventrolateral part",VMHvl,255,76,62
946,467,Posterior hypothalamic nucleus,PH,255,76,62
290,1097,Hypothalamic lateral zone,LZ,242,72,59
194,290,Lateral hypothalamic area,LHA,242,72,59
226,290,Lateral preoptic area,LPO,242,72,59
356,290,Preparasubthalamic nucleus,PST,242,72,59
364,290,Parasubthalamic nucleus,PSTN,242,72,59
576073704,290,Perifornical nucleus,PeF,242,72,59
173,290,Retrochiasmatic area,RCH,242,72,59
470,290,Subthalamic nucleus,STN,242,72,59
614,290,Tuberal nucleus,TU,242,72,59
797,290,Zona incerta,ZI,242,72,59
796,797,Dopaminergic A13 group,A13,242,72,59
804,797,Fields of Forel,FF,242,72,59
10671,1097,Median eminence,ME,242,72,59
313,343,Midbrain,MB,255,100,255
339,313,"Midbrain, sensory related",MBsen,255,122,255
302,339,"Superior colliculus, sensory related",SCs,255,122,255
851,302,"Superior colliculus, optic layer",SCop,255,122,255
842,302,"Superior colliculus, superficial gray layer",SCsg,255,122,255
834,302,"Superior colliculus, zonal layer",SCzo,255,122,255
4,339,Inferior colliculus,IC,255,122,255
811,4,"Inferior colliculus, central nucleus",ICc,255,122,255
820,4,"Inferior colliculus, dorsal nucleus",ICd,255,122,255
828,4,"Inferior colliculus, external nucleus",ICe,255,122,255
580,339,Nucleus of the brachium of the inferior colliculus,NB,255,122,255
271,339,Nucleus sagulum,SAG,255,122,255
874,339,Parabigeminal nucleus,PBG,255,122,255
460,339,Midbrain trigeminal nucleus,MEV,255,122,255
599626923,339,Subcommissural organ,SCO,255,122,255
323,313,"Midbrain, motor related",MBmot,255,144,255
381,323,"Substantia nigra, reticular part",SNr,255,144,255
749,323,Ventral tegmental area,VTA,255,144,255
607344830,323,Paranigral nucleus,PN,255,144,255
246,323,"Midbrain reticular nucleus, retrorubral area",RR,255,144,255
128,323,Midbrain reticular nucleus,MRN,255,144,255
539,128,"Midbrain reticular nucleus, magnocellular part",MRNm,255,144,255
548,128,"Midbrain reticular nucleus, magnocellular part, general",MRNmg,255,144,255
555,128,"Midbrain reticular nucleus, parvicellular part",MRNp,255,144,255
294,323,"Superior colliculus, motor related",SCm,255,144,255
26,294,"Superior colliculus, motor related, deep gray layer",SCdg,255,144,255
42,294,"Superior colliculus, motor related, deep white layer",SCdw,255,144,255
17,294,"Superior colliculus, motor related, intermediate white layer",SCiw,255,144,255
10,294,"Superior colliculus, motor related, intermediate gray layer",SCig,255,144,255
494,10,"Superior colliculus, motor related, intermediate gray layer, sublayer a",SCig-a,255,144,255
503,10,"Superior colliculus, motor related, intermediate gray layer, sublayer b",SCig-b,255,144,255
511,10,"Superior colliculus, motor related, intermediate gray layer, sublayer c",SCig-c,255,144,255
795,323,Periaqueductal gray,PAG,255,144,255
50,795,Precommissural nucleus,PRC,255,144,255
67,795,Interstitial nucleus of Cajal,INC,255,144,255
587,795,Nucleus of Darkschewitsch,ND,255,144,255
614454277,795,Supraoculomotor periaqueductal gray,Su3,255,144,255
1100,323,Pretectal region,PRT,255,144,255
215,1100,Anterior pretectal nucleus,APN,255,144,255
531,1100,Medial pretectal area,MPT,255,144,255
628,1100,Nucleus of the optic tract,NOT,255,144,255
634,1100,Nucleus of the posterior commissure,NPC,255,144,255
706,1100,Olivary pretectal nucleus,OP,255,144,255
1061,1100,Posterior pretectal nucleus,PPT,255,144,255
549009203,1100,Retroparafascicular nucleus,RPF,255,144,255
549009207,323,Intercollicular nucleus,InCo,255,144,255
616,323,Cuneiform nucleus,CUN,255,144,255
214,323,Red nucleus,RN,255,144,255
35,323,Oculomotor nucleus,III,255,144,255
549009211,323,Medial accesory oculomotor nucleus,MA3,255,144,255
975,323,Edinger-Westphal nucleus,EW,255,144,255
115,323,Trochlear nucleus,IV,255,144,255
606826663,323,Paratrochlear nucleus,Pa4,255,144,255
757,323,Ventral tegmental nucleus,VTN,255,144,255
231,323,Anterior tegmental nucleus,AT,255,144,255
66,323,Lateral terminal nucleus of the accessory optic tract,LT,255,144,255
75,323,Dorsal terminal nucleus of the accessory optic tract,DT,255,144,255
58,323,Medial terminal nucleus of the accessory optic tract,MT,255,144,255
615,323,"Substantia nigra, lateral part",SNl,255,144,255
348,313,"Midbrain, behavioral state related",MBsta,255,144,255
374,348,"Substantia nigra, compact part",SNc,255,166,255
1052,348,Pedunculopontine nucleus,PPN,255,166,255
165,348,Midbrain raphe nuclei,RAmb,255,166,255
12,165,Interfascicular nucleus raphe,IF,255,166,255
100,165,Interpeduncular nucleus,IPN,255,166,255
607344834,100,"Interpeduncular nucleus, rostral",IPR,255,166,255
607344838,100,"Interpeduncular nucleus, caudal",IPC,255,166,255
607344842,100,"Interpeduncular nucleus, apical",IPA,255,166,255
607344846,100,"Interpeduncular nucleus, lateral",IPL,255,166,255
607344850,100,"Interpeduncular nucleus, intermediate",IPI,255,166,255
607344854,100,"Interpeduncular nucleus, dorsomedial",IPDM,255,166,255
607344858,100,"Interpeduncular nucleus, dorsolateral",IPDL,255,166,255
607344862,100,"Interpeduncular nucleus, rostrolateral",IPRL,255,166,255
197,165,Rostral linear nucleus raphe,RL,255,166,255
591,165,Central linear nucleus raphe,CLI,255,166,255
872,165,Dorsal nucleus raphe,DR,255,166,255
1065,343,Hindbrain,HB,255,155,136
771,1065,Pons,P,255,155,136
1132,771,"Pons, sensory related",P-sen,255,174,111
612,1132,Nucleus of the lateral lemniscus,NLL,255,174,111
82,612,"Nucleus of the lateral lemniscus, dorsal part",NLLd,255,174,111
90,612,"Nucleus of the lateral lemniscus, horizontal part",NLLh,255,174,111
99,612,"Nucleus of the lateral lemniscus, ventral part",NLLv,255,174,111
7,1132,Principal sensory nucleus of the trigeminal,PSV,255,174,111
867,1132,Parabrachial nucleus,PB,255,174,111
123,867,Koelliker-Fuse subnucleus,KF,255,174,111
881,867,"Parabrachial nucleus, lateral division",PBl,255,174,111
860,881,"Parabrachial nucleus, lateral division, central lateral part",PBlc,255,174,111
868,881,"Parabrachial nucleus, lateral division, dorsal lateral part",PBld,255,174,111
875,881,"Parabrachial nucleus, lateral division, external lateral part",PBle,255,174,111
883,881,"Parabrachial nucleus, lateral division, superior lateral part",PBls,255,174,111
891,881,"Parabrachial nucleus, lateral division, ventral lateral part",PBlv,255,174,111
890,867,"Parabrachial nucleus, medial division",PBm,255,174,111
899,890,"Parabrachial nucleus, medial division, external medial part",PBme,255,174,111
915,890,"Parabrachial nucleus, medial division, medial medial part",PBmm,255,174,111
923,890,"Parabrachial nucleus, medial division, ventral medial part",PBmv,255,174,111
398,1132,Superior olivary complex,SOC,255,174,111
122,398,"Superior olivary complex, periolivary region",POR,255,174,111
105,398,"Superior olivary complex, medial part",SOCm,255,174,111
114,398,"Superior olivary complex, lateral part",SOCl,255,174,111
987,771,"Pons, motor related",P-mot,255,186,134
280,987,Barrington's nucleus,B,255,186,134
880,987,Dorsal tegmental nucleus,DTN,255,186,134
283,987,Lateral tegmental nucleus,LTN,255,186,134
599626927,987,Posterodorsal tegmental nucleus,PDTg,255,186,134
898,987,Pontine central gray,PCG,255,186,134
931,987,Pontine gray,PG,255,186,134
1093,987,"Pontine reticular nucleus, caudal part",PRNc,255,186,134
552,987,"Pontine reticular nucleus, ventral part",PRNv,255,186,134
318,987,Supragenual nucleus,SG,255,186,134
462,987,Superior salivatory nucleus,SSN,255,186,134
534,987,Supratrigeminal nucleus,SUT,255,186,134
574,987,Tegmental reticular nucleus,TRN,255,186,134
621,987,Motor nucleus of trigeminal,V,255,186,134
549009215,987,Peritrigeminal zone,P5,255,186,134
549009219,987,Accessory trigeminal nucleus,Acs5,255,186,134
549009223,987,Parvicellular motor 5 nucleus,PC5,255,186,134
549009227,987,Intertrigeminal nucleus,I5,255,186,134
1117,771,"Pons, behavioral state related",P-sat,255,195,149
679,1117,Superior central nucleus raphe,CS,255,195,149
137,679,"Superior central nucleus raphe, lateral part",CSl,255,195,149
130,679,"Superior central nucleus raphe, medial part",CSm,255,195,149
147,1117,Locus ceruleus,LC,255,195,149
162,1117,Laterodorsal tegmental nucleus,LDT,255,195,149
604,1117,Nucleus incertus,NI,255,195,149
146,1117,Pontine reticular nucleus,PRNr,255,195,149
238,1117,Nucleus raphe pontis,RPO,255,195,149
350,1117,Subceruleus nucleus,SLC,255,195,149
358,1117,Sublaterodorsal nucleus,SLD,255,195,149
354,1065,Medulla,MY,255,155,205
386,354,"Medulla, sensory related",MY-sen,255,165,210
207,386,Area postrema,AP,255,165,210
607,386,Cochlear nuclei,CN,255,165,210
112,607,Granular lamina of the cochlear nuclei,CNlam,255,165,210
560,607,"Cochlear nucleus, subpedunclular granular region",CNspg,255,165,210
96,607,Dorsal cochlear nucleus,DCO,255,165,210
101,607,Ventral cochlear nucleus,VCO,255,165,210
720,386,Dorsal column nuclei,DCN,255,165,210
711,720,Cuneate nucleus,CU,255,165,210
1039,720,Gracile nucleus,GR,255,165,210
903,386,External cuneate nucleus,ECU,255,165,210
642,386,Nucleus of the trapezoid body,NTB,255,165,210
651,386,Nucleus of the solitary tract,NTS,255,165,210
659,651,"Nucleus of the solitary tract, central part",NTSce,255,165,210
666,651,"Nucleus of the solitary tract, commissural part",NTSco,255,165,210
674,651,"Nucleus of the solitary tract, gelatinous part",NTSge,255,165,210
682,651,"Nucleus of the solitary tract, lateral part",NTSl,255,165,210
691,651,"Nucleus of the solitary tract, medial part",NTSm,255,165,210
429,386,"Spinal nucleus of the trigeminal, caudal part",SPVC,255,165,210
437,386,"Spinal nucleus of the trigeminal, interpolar part",SPVI,255,165,210
445,386,"Spinal nucleus of the trigeminal, oral part",SPVO,255,165,210
77,445,"Spinal nucleus of the trigeminal, oral part, caudal dorsomedial part",SPVOcdm,255,165,210
53,445,"Spinal nucleus of the trigeminal, oral part, middle dorsomedial part, dorsal zone",SPVOmdmd,255,165,210
61,445,"Spinal nucleus of the trigeminal, oral part, middle dorsomedial part, ventral zone",SPVOmdmv,255,165,210
45,445,"Spinal nucleus of the trigeminal, oral part, rostral dorsomedial part",SPVOrdm,255,165,210
69,445,"Spinal nucleus of the trigeminal, oral part, ventrolateral part",SPVOvl,255,165,210
589508451,386,Paratrigeminal nucleus,Pa5,255,165,210
789,386,Nucleus z,z,255,165,210
370,354,"Medulla, motor related",MY-mot,255,179,217
653,370,Abducens nucleus,VI,255,179,217
568,370,Accessory abducens nucleus,ACVI,255,179,217
661,370,Facial motor nucleus,VII,255,179,217
576,370,Accessory facial motor nucleus,ACVII,255,179,217
640,370,Efferent vestibular nucleus,EV,255,179,217
135,370,Nucleus ambiguus,AMB,255,179,217
939,135,"Nucleus ambiguus, dorsal division",AMBd,255,179,217
143,135,"Nucleus ambiguus, ventral division",AMBv,255,179,217
839,370,Dorsal motor nucleus of the vagus nerve,DMX,255,179,217
887,370,Efferent cochlear group,ECO,255,179,217
1048,370,Gigantocellular reticular nucleus,GRN,255,179,217
372,370,Infracerebellar nucleus,ICB,255,179,217
83,370,Inferior olivary complex,IO,255,179,217
136,370,Intermediate reticular nucleus,IRN,255,179,217
106,370,Inferior salivatory nucleus,ISN,255,179,217
203,370,Linear nucleus of the medulla,LIN,255,179,217
235,370,Lateral reticular nucleus,LRN,255,179,217
955,235,"Lateral reticular nucleus, magnocellular part",LRNm,255,179,217
963,235,"Lateral reticular nucleus, parvicellular part",LRNp,255,179,217
307,370,Magnocellular reticular nucleus,MARN,255,179,217
395,370,Medullary reticular nucleus,MDRN,255,179,217
1098,395,"Medullary reticular nucleus, dorsal part",MDRNd,255,179,217
1107,395,"Medullary reticular nucleus, ventral part",MDRNv,255,179,217
852,370,Parvicellular reticular nucleus,PARN,255,179,217
859,370,Parasolitary nucleus,PAS,255,179,217
938,370,Paragigantocellular reticular nucleus,PGRN,255,179,217
970,938,"Paragigantocellular reticular nucleus, dorsal part",PGRNd,255,179,217
978,938,"Paragigantocellular reticular nucleus, lateral part",PGRNl,255,179,217
154,370,Perihypoglossal nuclei,PHY,255,179,217
161,154,Nucleus intercalatus,NIS,255,179,217
177,154,Nucleus of Roller,NR,255,179,217
169,154,Nucleus prepositus,PRP,255,179,217
995,370,Paramedian reticular nucleus,PMR,255,179,217
1069,370,Parapyramidal nucleus,PPY,255,179,217
185,1069,"Parapyramidal nucleus, deep part",PPYd,255,179,217
193,1069,"Parapyramidal nucleus, superficial part",PPYs,255,179,217
701,370,Vestibular nuclei,VNC,255,179,217
209,701,Lateral vestibular nucleus,LAV,255,179,217
202,701,Medial vestibular nucleus,MV,255,179,217
225,701,Spinal vestibular nucleus,SPIV,255,179,217
217,701,Superior vestibular nucleus,SUV,255,179,217
765,370,Nucleus x,x,255,179,217
773,370,Hypoglossal nucleus,XII,255,179,217
781,370,Nucleus y,y,255,179,217
76,370,Interstitial nucleus of the vestibular nerve,INV,255,179,217
379,354,"Medulla, behavioral state related",MY-sat,255,198,226
206,379,Nucleus raphe magnus,RM,255,198,226
230,379,Nucleus raphe pallidus,RPA,255,198,226
222,379,Nucleus raphe obscurus,RO,255,198,226
512,8,Cerebellum,CB,240,240,128
528,512,Cerebellar cortex,CBX,240,240,128
1144,528,"Cerebellar cortex, molecular layer",CBXmo,255,252,145
1145,528,"Cerebellar cortex, Purkinje layer",CBXpu,255,252,145
1143,528,"Cerebellar cortex, granular layer",CBXgr,236,231,84
645,528,Vermal regions,VERM,255,252,145
912,645,Lingula (I),LING,255,252,145
10707,912,"Lingula (I), molecular layer",LINGmo,255,252,145
10706,912,"Lingula (I), Purkinje layer",LINGpu,255,252,145
10705,912,"Lingula (I), granular layer",LINGgr,236,231,84
920,645,Central lobule,CENT,255,252,145
976,920,Lobule II,CENT2,255,252,145
10710,976,"Lobule II, molecular layer",CENT2mo,255,252,145
10709,976,"Lobule II, Purkinje layer",CENT2pu,255,252,145
10708,976,"Lobule II, granular layer",CENT2gr,236,231,84
984,920,Lobule III,CENT3,255,252,145
10713,984,"Lobule III, molecular layer",CENT3mo,255,252,145
10712,984,"Lobule III, Purkinje layer",CENT3pu,255,252,145
10711,984,"Lobule III, granular layer",CENT3gr,236,231,84
928,645,Culmen,CUL,255,252,145
992,928,Lobule IV,CUL4,255,252,145
10716,992,"Lobule IV, molecular layer",CUL4mo,255,252,145
10715,992,"Lobule IV, Purkinje layer",CUL4pu,255,252,145
10714,992,"Lobule IV, granular layer",CUL4gr,236,231,84
1001,928,Lobule V,CUL5,255,252,145
10719,1001,"Lobule V, molecular layer",CUL5mo,255,252,145
10718,1001,"Lobule V, Purkinje layer",CUL5pu,255,252,145
10717,1001,"Lobule V, granular layer",CUL5gr,236,231,84
1091,928,Lobules IV-V,"CUL4, 5",255,252,145
10722,1091,"Lobules IV-V, molecular layer","CUL4, 5mo",255,252,145
10721,1091,"Lobules IV-V, Purkinje layer","CUL4, 5pu",255,252,145
10720,1091,"Lobules IV-V, granular layer","CUL4, 5gr",236,231,84
936,645,Declive (VI),DEC,255,252,145
10725,936,"Declive (VI), molecular layer",DECmo,255,252,145
10724,936,"Declive (VI), Purkinje layer",DECpu,255,252,145
10723,936,"Declive (VI), granular layer",DECgr,236,231,84
944,645,Folium-tuber vermis (VII),FOTU,255,252,145
10728,944,"Folium-tuber vermis (VII), molecular layer",FOTUmo,255,252,145
10727,944,"Folium-tuber vermis (VII), Purkinje layer",FOTUpu,255,252,145
10726,944,"Folium-tuber vermis (VII), granular layer",FOTUgr,236,231,84
951,645,Pyramus (VIII),PYR,255,252,145
10731,951,"Pyramus (VIII), molecular layer",PYRmo,255,252,145
10730,951,"Pyramus (VIII), Purkinje layer",PYRpu,255,252,145
10729,951,"Pyramus (VIII), granular layer",PYRgr,236,231,84
957,645,Uvula (IX),UVU,255,252,145
10734,957,"Uvula (IX), molecular layer",UVUmo,255,252,145
10733,957,"Uvula (IX), Purkinje layer",UVUpu,255,252,145
10732,957,"Uvula (IX), granular layer",UVUgr,236,231,84
968,645,Nodulus (X),NOD,255,252,145
10737,968,"Nodulus (X), molecular layer",NODmo,255,252,145
10736,968,"Nodulus (X), Purkinje layer",NODpu,255,252,145
10735,968,"Nodulus (X), granular layer",NODgr,236,231,84
1073,528,Hemispheric regions,HEM,255,252,145
1007,1073,Simple lobule,SIM,255,252,145
10674,1007,"Simple lobule, molecular layer",SIMmo,255,252,145
10673,1007,"Simple lobule, Purkinje layer",SIMpu,255,252,145
10672,1007,"Simple lobule, granular layer",SIMgr,236,231,84
1017,1073,Ansiform lobule,AN,255,252,145
1056,1017,Crus 1,ANcr1,255,252,145
10677,1056,"Crus 1, molecular layer",ANcr1mo,255,252,145
10676,1056,"Crus 1, Purkinje layer",ANcr1pu,255,252,145
10675,1056,"Crus 1, granular layer",ANcr1gr,236,231,84
1064,1017,Crus 2,ANcr2,255,252,145
10680,1064,"Crus 2, molecular layer",ANcr2mo,255,252,145
10679,1064,"Crus 2, Purkinje layer",ANcr2pu,255,252,145
10678,1064,"Crus 2, granular layer",ANcr2gr,236,231,84
1025,1073,Paramedian lobule,PRM,255,252,145
10683,1025,"Paramedian lobule, molecular layer",PRMmo,255,252,145
10682,1025,"Paramedian lobule, Purkinje layer",PRMpu,255,252,145
10681,1025,"Paramedian lobule, granular layer",PRMgr,236,231,84
1033,1073,Copula pyramidis,COPY,255,252,145
10686,1033,"Copula pyramidis, molecular layer",COPYmo,255,252,145
10685,1033,"Copula pyramidis, Purkinje layer",COPYpu,255,252,145
10684,1033,"Copula pyramidis, granular layer",COPYgr,236,231,84
1041,1073,Paraflocculus,PFL,255,252,145
10689,1041,"Paraflocculus, molecular layer",PFLmo,255,252,145
10688,1041,"Paraflocculus, Purkinje layer",PFLpu,255,252,145
10687,1041,"Paraflocculus, granular layer",PFLgr,236,231,84
1049,1073,Flocculus,FL,255,252,145
10692,1049,"Flocculus, molecular layer",FLmo,255,252,145
10691,1049,"Flocculus, Purkinje layer",FLpu,255,252,145
10690,1049,"Flocculus, granular layer",FLgr,236,231,84
519,512,Cerebellar nuclei,CBN,240,240,128
989,519,Fastigial nucleus,FN,255,253,188
91,519,Interposed nucleus,IP,255,253,188
846,519,Dentate nucleus,DN,255,253,188
589508455,519,Vestibulocerebellar nucleus,VeCB,255,253,188
1009,997,fiber tracts,fiber tracts,204,204,204
967,1009,cranial nerves,cm,204,204,204
885,967,terminal nerve,tn,204,204,204
949,967,vomeronasal nerve,von,204,204,204
840,967,olfactory nerve,In,204,204,204
1016,840,olfactory nerve layer of main olfactory bulb,onl,204,204,204
21,840,"lateral olfactory tract, general",lotg,204,204,204
665,21,"lateral olfactory tract, body",lot,204,204,204
538,21,dorsal limb,lotd,204,204,204
459,21,accessory olfactory tract,aolt,204,204,204
900,840,"anterior commissure, olfactory limb",aco,204,204,204
848,967,optic nerve,IIn,204,204,204
876,848,accessory optic tract,aot,204,204,204
916,848,brachium of the superior colliculus,bsc,204,204,204
336,848,superior colliculus commissure,csc,204,204,204
117,848,optic chiasm,och,204,204,204
125,848,optic tract,opt,204,204,204
357,848,tectothalamic pathway,ttp,204,204,204
832,967,oculomotor nerve,IIIn,204,204,204
62,832,medial longitudinal fascicle,mlf,204,204,204
158,832,posterior commissure,pc,204,204,204
911,967,trochlear nerve,IVn,204,204,204
384,911,trochlear nerve decussation,IVd,204,204,204
710,967,abducens nerve,VIn,204,204,204
901,967,trigeminal nerve,Vn,204,204,204
93,901,motor root of the trigeminal nerve,moV,204,204,204
229,901,sensory root of the trigeminal nerve,sV,204,204,204
705,229,midbrain tract of the trigeminal nerve,mtV,204,204,204
794,229,spinal tract of the trigeminal nerve,sptV,204,204,204
798,967,facial nerve,VIIn,204,204,204
1131,798,intermediate nerve,iVIIn,204,204,204
1116,798,genu of the facial nerve,gVIIn,204,204,204
933,967,vestibulocochlear nerve,VIIIn,204,204,204
1076,933,efferent cochleovestibular bundle,cvb,204,204,204
413,933,vestibular nerve,vVIIIn,204,204,204
948,933,cochlear nerve,cVIIIn,204,204,204
841,948,trapezoid body,tb,204,204,204
641,948,intermediate acoustic stria,ias,204,204,204
506,948,dorsal acoustic stria,das,204,204,204
658,948,lateral lemniscus,ll,204,204,204
633,948,inferior colliculus commissure,cic,204,204,204
482,948,brachium of the inferior colliculus,bic,204,204,204
808,967,glossopharyngeal nerve,IXn,204,204,204
917,967,vagus nerve,Xn,204,204,204
237,917,solitary tract,ts,204,204,204
717,967,accessory spinal nerve,XIn,204,204,204
813,967,hypoglossal nerve,XIIn,204,204,204
925,967,ventral roots,vrt,204,204,204
792,967,dorsal roots,drt,204,204,204
932,792,cervicothalamic tract,cett,204,204,204
570,932,dorsolateral fascicle,dl,204,204,204
522,932,dorsal commissure of the spinal cord,dcm,204,204,204
858,932,ventral commissure of the spinal cord,vc,204,204,204
586,932,fasciculus proprius,fpr,204,204,204
514,932,dorsal column,dc,204,204,204
380,514,cuneate fascicle,cuf,204,204,204
388,514,gracile fascicle,grf,204,204,204
396,514,internal arcuate fibers,iaf,204,204,204
697,932,medial lemniscus,ml,204,204,204
871,967,spinothalamic tract,sst,204,204,204
29,871,lateral spinothalamic tract,sttl,204,204,204
389,871,ventral spinothalamic tract,sttv,204,204,204
245,871,spinocervical tract,scrt,204,204,204
261,871,spino-olivary pathway,sop,204,204,204
270,871,spinoreticular pathway,srp,204,204,204
293,871,spinovestibular pathway,svp,204,204,204
277,871,spinotectal pathway,stp,204,204,204
253,871,spinohypothalamic pathway,shp,204,204,204
285,871,spinotelenchephalic pathway,step,204,204,204
627,285,hypothalamohypophysial tract,hht,204,204,204
960,1009,cerebellum related fiber tracts,cbf,204,204,204
744,960,cerebellar commissure,cbc,204,204,204
752,960,cerebellar peduncles,cbp,204,204,204
326,752,superior cerebelar peduncles,scp,204,204,204
812,326,superior cerebellar peduncle decussation,dscp,204,204,204
85,812,spinocerebellar tract,sct,204,204,204
850,326,uncinate fascicle,uf,204,204,204
866,326,ventral spinocerebellar tract,sctv,204,204,204
78,752,middle cerebellar peduncle,mcp,204,204,204
1123,752,inferior cerebellar peduncle,icp,204,204,204
553,1123,dorsal spinocerebellar tract,sctd,204,204,204
499,1123,cuneocerebellar tract,cct,204,204,204
650,1123,juxtarestiform body,jrb,204,204,204
490,1123,bulbocerebellar tract,bct,204,204,204
404,490,olivocerebellar tract,oct,204,204,204
410,490,reticulocerebellar tract,rct,204,204,204
373,752,trigeminocerebellar tract,tct,204,204,204
728,960,arbor vitae,arb,204,204,204
484682512,1009,supra-callosal cerebral white matter,scwm,204,204,204
983,1009,lateral forebrain bundle system,lfbs,204,204,204
776,983,corpus callosum,cc,204,204,204
956,776,"corpus callosum, anterior forceps",fa,204,204,204
579,956,external capsule,ec,204,204,204
964,776,"corpus callosum, extreme capsule",ee,204,204,204
1108,776,genu of corpus callosum,ccg,204,204,204
971,776,"corpus callosum, posterior forceps",fp,204,204,204
979,776,"corpus callosum, rostrum",ccr,204,204,204
484682516,776,"corpus callosum, body",ccb,204,204,204
986,776,"corpus callosum, splenium",ccs,204,204,204
784,983,corticospinal tract,cst,204,204,204
6,784,internal capsule,int,204,204,204
924,784,cerebal peduncle,cpd,204,204,204
1036,784,corticotectal tract,cte,204,204,204
1012,784,corticorubral tract,crt,204,204,204
1003,784,corticopontine tract,cpt,204,204,204
994,784,corticobulbar tract,cbt,204,204,204
190,784,pyramid,py,204,204,204
198,784,pyramidal decussation,pyd,204,204,204
1019,784,"corticospinal tract, crossed",cstc,204,204,204
1028,784,"corticospinal tract, uncrossed",cstu,204,204,204
896,983,thalamus related,lfbst,204,204,204
1092,896,external medullary lamina of the thalamus,em,204,204,204
14,896,internal medullary lamina of the thalamus,im,204,204,204
86,896,middle thalamic commissure,mtc,204,204,204
365,896,thalamic peduncles,tp,204,204,204
484682520,896,optic radiation,or,204,204,204
484682524,896,auditory radiation,ar,204,204,204
1000,1009,extrapyramidal fiber systems,eps,204,204,204
760,1000,cerebral nuclei related,epsc,204,204,204
142,760,pallidothalamic pathway,pap,204,204,204
102,760,nigrostriatal tract,nst,204,204,204
109,760,nigrothalamic fibers,ntt,204,204,204
134,760,pallidotegmental fascicle,ptf,204,204,204
309,760,striatonigral pathway,snp,204,204,204
317,760,subthalamic fascicle,stf,204,204,204
877,1000,tectospinal pathway,tsp,204,204,204
1051,877,direct tectospinal pathway,tspd,204,204,204
1060,877,doral tegmental decussation,dtd,204,204,204
1043,877,crossed tectospinal pathway,tspc,204,204,204
863,1000,rubrospinal tract,rust,204,204,204
397,863,ventral tegmental decussation,vtd,204,204,204
221,863,rubroreticular tract,rrt,204,204,204
736,1000,central tegmental bundle,ctb,204,204,204
855,1000,retriculospinal tract,rst,204,204,204
205,855,"retriculospinal tract, lateral part",rstl,204,204,204
213,855,"retriculospinal tract, medial part",rstm,204,204,204
941,1000,vestibulospinal pathway,vsp,204,204,204
991,1009,medial forebrain bundle system,mfbs,204,204,204
768,991,cerebrum related,mfbc,204,204,204
884,768,amygdalar capsule,amc,204,204,204
892,768,ansa peduncularis,apd,204,204,204
908,768,"anterior commissure, temporal limb",act,204,204,204
940,768,cingulum bundle,cing,204,204,204
1099,768,fornix system,fxs,204,204,204
466,1099,alveus,alv,204,204,204
530,1099,dorsal fornix,df,204,204,204
603,1099,fimbria,fi,204,204,204
745,1099,"precommissural fornix, general",fxprg,204,204,204
420,745,precommissural fornix diagonal band,db,204,204,204
737,1099,postcommissural fornix,fxpo,204,204,204
428,737,medial corticohypothalamic tract,mct,204,204,204
436,737,columns of the fornix,fx,204,204,204
618,1099,hippocampal commissures,hc,204,204,204
443,618,dorsal hippocampal commissure,dhc,204,204,204
449,618,ventral hippocampal commissure,vhc,204,204,204
713,1099,perforant path,per,204,204,204
474,1099,angular path,ab,204,204,204
37,768,longitudinal association bundle,lab,204,204,204
301,768,stria terminalis,st,204,204,204
484682528,301,commissural branch of stria terminalis,stc,204,204,204
824,991,hypothalamus related,mfsbshy,204,204,204
54,824,medial forebrain bundle,mfb,204,204,204
405,824,ventrolateral hypothalamic tract,vlt,204,204,204
174,824,preoptic commissure,poc,204,204,204
349,824,supraoptic commissures,sup,204,204,204
817,349,"supraoptic commissures, anterior",supa,204,204,204
825,349,"supraoptic commissures, dorsal",supd,204,204,204
833,349,"supraoptic commissures, ventral",supv,204,204,204
166,824,premammillary commissure,pmx,204,204,204
341,824,supramammillary decussation,smd,204,204,204
182,824,propriohypothalamic pathways,php,204,204,204
762,182,"propriohypothalamic pathways, dorsal",phpd,204,204,204
770,182,"propriohypothalamic pathways, lateral",phpl,204,204,204
779,182,"propriohypothalamic pathways, medial",phpm,204,204,204
787,182,"propriohypothalamic pathways, ventral",phpv,204,204,204
150,824,periventricular bundle of the hypothalamus,pvbh,204,204,204
46,824,mammillary related,mfbsma,204,204,204
753,46,principal mammillary tract,pm,204,204,204
690,46,mammillothalamic tract,mtt,204,204,204
681,46,mammillotegmental tract,mtg,204,204,204
673,46,mammillary peduncle,mp,204,204,204
1068,824,dorsal thalamus related,mfbst,204,204,204
722,1068,periventricular bundle of the thalamus,pvbt,204,204,204
1083,824,epithalamus related,mfbse,204,204,204
802,1083,stria medullaris,sm,204,204,204
595,1083,fasciculus retroflexus,fr,204,204,204
611,1083,habenular commissure,hbc,204,204,204
730,1083,pineal stalk,PIS,204,204,204
70,824,midbrain related,mfbsm,204,204,204
547,70,dorsal longitudinal fascicle,dlf,204,204,204
563,70,dorsal tegmental tract,dtt,204,204,204
73,997,ventricular systems,VS,170,170,170
81,73,lateral ventricle,VL,170,170,170
89,81,rhinocele,RC,170,170,170
98,81,subependymal zone,SEZ,170,170,170
108,81,choroid plexus,chpl,170,170,170
116,81,choroid fissure,chfl,170,170,170
124,73,interventricular foramen,IVF,170,170,170
129,73,third ventricle,V3,170,170,170
140,73,cerebral aqueduct,AQ,170,170,170
145,73,fourth ventricle,V4,170,170,170
153,145,lateral recess,V4r,170,170,170
164,73,"central canal, spinal cord/medulla",c,170,170,170
1024,997,grooves,grv,170,170,170
1032,1024,grooves of the cerebral cortex,grv of CTX,170,170,170
1055,1032,endorhinal groove,eg,170,170,170
1063,1032,hippocampal fissure,hf,170,170,170
1071,1032,rhinal fissure,rf,170,170,170
1078,1032,rhinal incisure,ri,170,170,170
1040,1024,grooves of the cerebellar cortex,grv of CBX,170,170,170
1087,1040,precentral fissure,pce,170,170,170
1095,1040,preculminate fissure,pcf,170,170,170
1103,1040,primary fissure,pri,170,170,170
1112,1040,posterior superior fissure,psf,170,170,170
1119,1040,prepyramidal fissure,ppf,170,170,170
3,1040,secondary fissure,sec,170,170,170
11,1040,posterolateral fissure,plf,170,170,170
18,1040,nodular fissure,nf,170,170,170
25,1040,simple fissure,sif,170,170,170
34,1040,intercrural fissure,icf,170,170,170
43,1040,ansoparamedian fissure,apf,170,170,170
49,1040,intraparafloccular fissure,ipf,170,170,170
57,1040,paramedian sulcus,pms,170,170,170
65,1040,parafloccular sulcus,pfs,170,170,170
624,1024,Interpeduncular fossa,IPF,170,170,170
304325711,997,retina,retina,127,46,126
